0018c5a8cfb5416a8d156e80f95d79a21.jpg,0
0062f6b066104aab923b29e3cbf1f04a1.jpg,1
012ab8526d214cc6928957c02d80db181.jpg,2
01b03a873cc440cdaf4c20aec181c0551.jpg,3
031a13d348ae4b5798c1a7fef6e8f08e1.jpg,4
03f50e427b974acf879ee8dc37673cb11.jpg,5
044b9618c2a44642b00f8a9f8f2dab881.jpg,6
050ca9a161e74a25a7168da80bdc72591.jpg,7
058090f4e8b745ce954483f69ea8428e1.jpg,8
05bd221b13404a8b88fa280fd53e2b911.jpg,9
05cd8f583d3d4253b81a8b7a9c21ba411.jpg,10
067fc5785527434980b2a7dfb539255d1.jpg,11
06dbbb4a87364c549dd8909ea1189acd1.jpg,12
071a190b3f974537bf5fcc33675f30391.jpg,13
074ba265d4914ed58818f3bd584003b41.jpg,14
0808f68c19524dc1bac840e639db0c5b1.jpg,15
095943aae2fb489c87522db4af56db7c1.jpg,16
0a4091f28d684e24b82b76b25e58dceco.jpg,17
0ba059f76dd0436897da7cf192b9e0021.jpg,18
0d29dfc6640c410982abe41cf9a40a101.jpg,19
0dd7f46739e442f6ad51a561b224a45f1.jpg,20
0e41b6879d034368a33890d90a23b43b1.jpg,21
10faad439f45410cb3650f29046c036a1.jpg,22
11724f32dbc24401ab09900f68c221e01.jpg,23
129c67800e2b4cc3b5021fa44555f3881.jpg,24
12bb9e4f06094ff39e80e74895261d2f1.jpg,25
1403320480dc4235812eaebdf68b4abd1.jpg,26
14987ed2b3244c03bd358137d4ce74d71.jpg,27
15de25a0ec304303827a4a3c66451b5e1.jpg,28
15e7bdbd2f0543fa878fbca088f14e7e2.jpg,29
1622d968aae444d0a9fcc024a5324f33c.jpg,30
16566ad3fdae40b09d57fc7cda36fdf41.jpg,31
16c1fd393c924e6383654a21c577054a6.jpg,32
178458ee18b741fdbaf9d45651c24cda1.jpg,33
1825abe3d2d6464dba1e3d55a40454151.jpg,34
18474a8c867847f79b33ea48576087d21.jpg,35
19ee68b145ae47d88224a3d30b49e6c61.jpg,36
1a7a4384929241ba8b30140db67d7cc81.jpg,37
1aa6080ca43145978943bd2f62aa21ea1.jpg,38
1ac46d761f204719a26c4781f5f17a7d1.jpg,39
1acbb1f61da64c92b1d885bb3a70ac111.jpg,40
1b065362eed7490ca14649a33eb49f3dp.jpg,41
1b73a5342b864fdd9dcbdfbd13d35f681.jpg,42
1c26519aa5e04472b23594a37ab9e16b1.jpg,43
1c63234e5a3d458496c94c3b255c1f6c1.jpg,44
1d201435e8b842f69119be9fd42c45a81.jpg,45
1d39c674836c4e6b9570beb5e873ad62h.jpg,46
1eab96c2a4d74c77ae19a21657a5021c1.jpg,47
1faff99b8156437f82f1316efdbdbb11o.jpg,48
201245f863234b1bab910fe73c7046071.jpg,49
20d06624c5ed4904b8d40fd9e3d719871.jpg,50
22e5cd53826940ac8c0dd34d841cc6e81.jpg,51
22ecd8e3bff64faaa164ae9d735cbb231.jpg,52
23049a5862c6486a919867b8410b029c1.jpg,53
2384609f6ea0493f9cb816e0384fb7f71.jpg,54
2539b2e0df2c4fcf9a6fff9ee63a3ed71.jpg,55
26002a2bdde44138be731424ddd9052c9.jpg,56
2659481def694b119cd1545953c1b40a1.jpg,57
266acb7d952e446a96a1cdae19e33f4bo.jpg,58
26c4950cc327413a950e6a6790e846521.jpg,59
27070446cb774693a6a91e5871c5cd151.jpg,60
2767973607d44c18ae2fd569b7765ff51.jpg,61
279b5a0c9bb74ad6bf53ad9caef2326d1.jpg,62
27b16f22f3434e6187673f149fc4505e1.jpg,63
2876abda83044bf29cea4d28f8cc9f34i.jpg,64
289a4e76423142ccbd8839efc961023f1.jpg,65
289cbb27eb664d4f90ad1f2b5f286d7f1.jpg,66
28c6edaee22b475db8a0466883de00641.jpg,67
2a63d36513d34af79698eb674ab99315o.jpg,68
2abf012f8bb845b194b27f2af06f18891.jpg,69
2bd8c2df51b14295953b3f57a423f1f01.jpg,70
2c61eea81eb54ee581798626d31e743a1.jpg,71
2cf377946bac4833918c4d17bbacbae11.jpg,72
2dbbab9b339a45c7a5d9c08998e6eb4b1.jpg,73
2dc5d6f16a204d709cc56d13951ee6e01.jpg,74
306e907183a44d3997b64ef3c57a4b601.jpg,75
30e5c78a428d4f40948d16b7948c98f71.jpg,76
316ec890458c40b8aa94c132d752a2791.jpg,77
324b19f227e343d3b23b401d971377b01.jpg,78
3306a73765c441cbb04b058d3b7d358d1.jpg,79
339718dfdea04210b7e8045bdc5387c31.jpg,80
33b158c4f92d40e2a0ebd97b2d85f70a1.jpg,81
33b480e24b874a6c89856efc0f3a627b1.jpg,82
34d70ed62b3143a79800f0020ede50821.jpg,83
34e024d0f1304d7f8023e5889bc96625o.jpg,84
35143ccfae664a60a3313a1936bc99141.jpg,85
352b423a9e5347b580bb8ef163f3cb431.jpg,86
36fd40ad719c4822b128ce36cedd729d1.jpg,87
379a92658001416da556cb7f264542df1.jpg,88
387dd5dd0b8b437eab8eaf4803e8cdc01.jpg,89
3a22737b400a4972a5cb43b3d2dfbe1d1.jpg,90
3ada6f8459114bab9777e92689ed818ce.jpg,91
3bb238c0bd8e496ebadfd773f0ab95351.jpg,92
3cb56a51f9274d9a9f5e3ddeba6e09d01.jpg,93
3cfe08ef3948499f9a66a79d345706f91.jpg,94
3d29c42d4e4e48058b5b2fc9ee37e4a9F.jpg,95
3d5946a88e1d4fbea3c04679d20740281.jpg,96
3dae8e03405a4fb6bf7a4b5e8c8495531.jpg,97
3e32f8ecb57a4a919c4d9ec2b676caa41.jpg,98
3edabce255b34d3788c4d600b8a6e2ca8.jpg,99
3f1db88da97e40b185218faaaea45f801.jpg,100
3fa94caec7c145448f1f7b87d96a9e421.jpg,101
3fb7ad4e056f4b51aed8daa8d2a913a9T.jpg,102
40b47b9d897b4bf9a7beb9a37a9ebcfe1.jpg,103
4214ff215f21493c937cb1716235538d1.jpg,104
429f1ca868334eef9ad20ab022037e5e1.jpg,105
42af67d79469480dbf14b0ad333fcdd91.jpg,106
42f5a879fc1a4d4db382d16ab96bb1e21.jpg,107
42fc4f61206946bda95753b1047527f91.jpg,108
436c083220604ef5bd1f089be7d885661.jpg,109
4375e7a343be4759bd883ba329b765a11.jpg,110
45d60394d59141339469985275ec8e1e1.jpg,111
45f313a29c5240608388c80349995ef21.jpg,112
463269e1ae8d4769b69b6447bfdba1781.jpg,113
46cb670f7bc54bd4a2a1fc2320659f681.jpg,114
471fc9c423cf4cedb9cb1f14889191e81.jpg,115
489a52f3160046d5abca70edfb908f921.jpg,116
48c1c57db93e42eba6c91dc5cf6ca6a41.jpg,117
49b91fdc150647dbae13eae6d0a93d151.jpg,118
4a276da74c5346a5b1c6379b60545ca91.jpg,119
4abfe1bf64794904b8adbecafcbaf3491.jpg,120
4b0e3f04d252463aa7f396a6f7a994071.jpg,121
4b536ea280054275ad3ba4dc060391501.jpg,122
4c0f03acd9af4e6e86ed237bf635f3341.jpg,123
4c728f603c144239b8b3aa4ecf71be841.jpg,124
4ca9872b312c4adc9ba8eacc117b29020.jpg,125
4cb7b5e0877b43678b2e24ed98152bc71.jpg,126
4cc8af18b63f4f9a9f74b19d0b9ee9061.jpg,127
4dff1ab730544b378aa5bd3943585ac11.jpg,128
4e6f3ade412849df88c1b2a6b4bcfc971.jpg,129
4ef4b4889710483d92f97e25a59a45921.jpg,130
4fbd7c5b51314ba69ab1f491208c5aa31.jpg,131
4fc6e414c0fc4c4aa5e05520e45361361.jpg,132
51287058a8934839892fab9ed14ef0a1q.jpg,133
517d44dcc93948fa9093405c866c0b181.jpg,134
51ac3e7e08e94d3d830a6e22f203b7be1.jpg,135
548bf72934954facac4121f6190f5882h.jpg,136
552038abc19b4033a235731552c9030f7.jpg,137
552e2d37f4a24e46b8c57a0bbc4663251.jpg,138
55c5349b12484f289f6665186dad6a6c1.jpg,139
56ad8027fe254deb86f11c4506859b7d1.jpg,140
56b8ecc950b043c1abf7f30b9af765911.jpg,141
574ac32af907440db2a00fc8bbdc0a561.jpg,142
578d51b7befb43c8ad40aff774368bf61.jpg,143
57f4d3a4848f4156a3969150e2ddbf99d.jpg,144
58f0e7eb4fcf428280bf04defe55dbfa1.jpg,145
5956c1eb986144acbe5e8bc4d2e07c3e1.jpg,146
5ac5418e3d3d46b1afd7e5bcb8e7e35b1.jpg,147
5ac9c331511c478b9ac4442c525d944b1.jpg,148
5b4152baca084f9ca81d0ebf2da845a51.jpg,149
5b7324b8d1024a60ab663d746e4ea7031.jpg,150
5baa3e13bdaa4b5d8e2ae12fa477496f1.jpg,151
5c3614919f6b432fab283ec1ce216b711.jpg,152
5caf6959ecc84c37bc487ce66477765f1.jpg,153
5d3d2e0993e44279aff0c0603c6a9a151.jpg,154
5e021b0bf0cf40edb2a5d580a078aeff1.jpg,155
5e3a09d71d074b119736e8e6bf8bc28dv.jpg,156
5e5ce34dc81143dc8fca2e4374320e82b.jpg,157
5e7d3ed210e84236bf4f0c95d33aa1ee1.jpg,158
5ea49fc853e9429a9a77c41fb451831c1.jpg,159
5ed25e7f4fea42638a6d5ecd3b3d8dabn.jpg,160
5ee996cdf3ba4c7d85a75e01fe48f8801.jpg,161
5fc8bba1393e44fca2a78e0cd05378bb1.jpg,162
5fed163246f943c9afc8141b737e5db71.jpg,163
604bb7c38edb4e119ff69d5ad22dc1d7o.jpg,164
611986d026be49c18db25763513f86ec1.jpg,165
615b4cd0f08e475aa697bcf7f8d85b6a1.jpg,166
61deb9f0a0834b2fbed7843ee8c7ca6e1.jpg,167
61f6d4d83fb744a3b22484be32ee89c91.jpg,168
62cc18a362364f9aa80a65bf295ac5f81.jpg,169
62ed7a93ce374f05983bfa7cc304370d1.jpg,170
63fdc4968ba74d80828d665c583f03a81.jpg,171
66033c404ff342f58b1f781dac452f091.jpg,172
66d053a65ecd482786292e028fed6f128.jpg,173
67ddb2f965ec40129e335692b1c499c6q.jpg,174
6b06da344b614e6da7634db42ae3c19d1.jpg,175
6b5ceea59c83462484d930d46a95cfcd1.jpg,176
6bfaaeceed74439f917aa6825547fbea1.jpg,177
6c1126d9fc1741fbabef867bd000c3261.jpg,178
6c2ee253d1ff4f9d8210f04e7166523d1.jpg,179
6c9a6dadf1154ff9b9727e954db7037a1.jpg,180
6cc211bf0e8d46b8bdb1cc802f274c701.jpg,181
6d6a4d5560864a17bcdb2a0ff5bfc0ad1.jpg,182
6ea50f3e98a94424b99277de05abef101.jpg,183
6f18be3fc600448da2552af83a0b021a1.jpg,184
6f233c873b704a3ab78b45f515218755O.jpg,185
6f8fc6a4fe434c6da1f0d73e056cf7c81.jpg,186
6fca428539a440c1b7aaeb26adf168251.jpg,187
6ff97f16d0af4f04b9cb89bcff877f761.jpg,188
70559703f0944c279c73ad7184d173851.jpg,189
70aa1d011d684ae9a9d126cab7ff3ec81.jpg,190
71f9d80abb714b48a75052be9fc023181.jpg,191
721d7c9212934c659f6847bca56ee0771.jpg,192
742233630cd04d169f84da6cc3095dd51.jpg,193
7462475a37974ad7887e277b5b9198ee1.jpg,194
752028b51d224623b166eeda817dd3b51.jpg,195
759b7c5cdf1b4cc8b247bbf069cad49b1.jpg,196
76a60de9a5614743b13c495cdde0ece91.jpg,197
7728884364a14357a8463c253448e8521.jpg,198
77bd3da040544ab4887d0781eb38e37e1.jpg,199
7911204d1f164365bbb561cb88fcbd561.jpg,200
797893d783f84924bd35416ddfffdc2e1.jpg,201
799e46ce78cc45aeb08d0873fdcda5b31.jpg,202
7afb5c9b5fa945ec928806371013af2f1.jpg,203
7bc42fd225a846118711b14af4bb88081.jpg,204
7c352d1fd90741c1ab25cb2d9d689c461.jpg,205
7cafce0ddf72482ba4a1be23872797a01.jpg,206
7d8664fa5ebf4d36989747d46938cfac1.jpg,207
7da68028435b4d89b8b5a1ed96f1df541.jpg,208
7dde7c29609141738d6fb6ddc1ace5210.jpg,209
7e06e89c15814656ad2496fe54e16cb21.jpg,210
7e7d3054661e4a3fa63afcfe34dc28231.jpg,211
7f3ba18f8e8c40d880459c49437d6a8e1.jpg,212
800c67329b2049d9b250a2e7b4e8a0f61.jpg,213
801873decaad4b7d811b7bb57074a1471.jpg,214
805c60f93db744099855564065c10a9d1.jpg,215
80c198de035c4e00baa65f2267cc69861.jpg,216
810fc38f4c764fd4bac7429636a495931.jpg,217
829f2a1e918c4bcd93d9a9f998ef9b0e1.jpg,218
8322b8b8dc7e48ce9aeca38991e8aedd1.jpg,219
8331fd5227af4aa68c14496d870d10151.jpg,220
83afa06a09f34e889602f5ffaa61a4a31.jpg,221
83c76fae69374eb48bbb5f57dfe8957c1.jpg,222
83cfc191e82a4d6697c592cc71dda1d41.jpg,223
847b50689277452a800384577b34649f1.jpg,224
85317b2c90674552acdce200cc26bf641.jpg,225
8797fd933efd46e4a197f4ac1eaede561.jpg,226
87ff291ed16b49a2b4e921e7a59c70b21.jpg,227
8859d42f54a744bf973ca9935252cbc4g.jpg,228
8991ef99d28e42c79381d74ea1b65c6f1.jpg,229
89ff604175c34dcd854d4c5416e3bbef1.jpg,230
8a212586cf164998a8318285493266591.jpg,231
8abc990f8b4141f2aa806a7b8fdf00341.jpg,232
8b8520f7fb5444c19cc50d270fca6cba1.jpg,233
8c25b1ef935b41f78e9678cc805905791.jpg,234
8d30d7cc2a524e23b2384521e8ef02951.jpg,235
8dde9a8d7730473b8fca57715ea56eb81.jpg,236
8de1ca909c5d4146b73b58d61ad3627dE.jpg,237
8e2f0b6f83ff40448c02096e90c3b146Q.jpg,238
8fc3d76df2a14983bdf5716ed4a6b50cv.jpg,239
8ffa542e059a462e8d62cb64638179bcX.jpg,240
915293b670244f6db0570297c01ff7931.jpg,241
91a1bd4669e3428e8fd363a0f10094f81.jpg,242
91ba04dccaec457990b8365c55d526251.jpg,243
920c116c03f14291b7d3946e2d2d6bf41.jpg,244
9214e500968a4e06b3eac86d6eb787121.jpg,245
9259ac74ac9e4e419f17468bf902cb8d1.jpg,246
9395ccc425d04527ac8c09e0d0e4b65a1.jpg,247
940b9b1c383640148d456b0b0c427a9b1.jpg,248
951db93b71e746aaa1f28d23a88f8dd11.jpg,249
95476dbee80d455a8dc6b41da07d71a01.jpg,250
96074152db1540d8b5009193133246aa1.jpg,251
976b139168884e80aaa62880ee166f04l.jpg,252
97d413805ecb4783aa249be2e7dfe7f81.jpg,253
9874ac9259b94b2989f492c245771a7f1.jpg,254
994e0bb59a9349a589823bbffba19d0d1.jpg,255
9a91ded795974283a67895fa227b93291.jpg,256
9b3474a7b436418f8f0a2880deb77061o.jpg,257
9c08e56221ab4431a0d915dc0e122aad1.jpg,258
9c2735e020724e0c86bfb48194598f081.jpg,259
9c30fd9735a3412b9d9d77983c895b4d1.jpg,260
9c5499fbd6ca4643b72178a35d71fe7f1.jpg,261
9caf06b4e7084e00b36c478c2dcc32bep.jpg,262
9de8fc78012c4e7da5f99caa76f2f6c81.jpg,263
9ebfa7a2bd584496bfeb4e7e9ef1c88b1.jpg,264
a02baa4f5ff444399428dea1b9b54fcc1.jpg,265
a1d84400366a4ce0b124f7c63c656a241.jpg,266
a320e86880524f8988aa5ded2e642ca21.jpg,267
a32a0be2b0834f0f9d6b5f32b2fa2abeo.jpg,268
a365bfb7c6e44208850f0df50ef963ca1.jpg,269
a3c56a40367e445bb9f3ded0fef57abb1.jpg,270
a435ada4161441a3ade4d6d234d61c351.jpg,271
a64dfb8a02e4478b94ce57eb8e64df1b1.jpg,272
a66a457480d44c0982f7e545020e3b031.jpg,273
a68a657d148c4219b13185fca9230dc51.jpg,274
a69e66c5cbdd48e9b638e9ea4f06990d1.jpg,275
a6bb825a4f9342b5aff376c9520485231.jpg,276
a70fd7fb1e2a4ed6b0ebdc92be959ecd1.jpg,277
a73bbdbb11134f80b0a19955296ffa7c1.jpg,278
a9046ddcd0764120893f1c803b5a16d51.jpg,279
a92081a5a0fb49a3a776833f82f8072c1.jpg,280
a95e6143bf64454d858f59088a4d7f361.jpg,281
a9684f165f134404a8d1e0dee9fcefc51.jpg,282
a9cb7bf4c5d04763a107225e2db9d8e21.jpg,283
aa2bc60a02ca49c69bb903bb436e6cebU.jpg,284
aa53c55f91154650b5b0a012169f61931.jpg,285
aa858ba2480444119f13dfef829d0e6e1.jpg,286
aab6ad5654ff4a79bef98ef258b49ac9m.jpg,287
aacb17e229204182bc0c00e38ac2a3991.jpg,288
aad5b21ba3c2441e88fc8c2a5b59197e1.jpg,289
aaf9e000b41e4c2fbd25547f0a78e94f1.jpg,290
ab4c6f7159a14fc99f27a2b37a227b941.jpg,291
aba69518b2204fbca68f2c24622a711b1.jpg,292
ac9a3718c9124246ab0fa56c9edbc5c21.jpg,293
ace7f5f5c5164b79afc641d7838b2c4a1.jpg,294
ad87634b45284828bf9eae34cd4ea05f1.jpg,295
ad9aa94dac2b46a18d6b8a9ab3acf3f91.jpg,296
adba2e4adbb44906b0436b02166b4e7f1.jpg,297
aea067ff4c0342879383094463f2ef8b1.jpg,298
af436d03ba914215b11a85717d21f4a31.jpg,299
afc325962bdd4e4890a9f020e477aa871.jpg,300
b09c5690b2314d0388b9fb8d1d3b8cb81.jpg,301
b10e40ef1d594a19965fedff108771acG.jpg,302
b18d64c1b0b844bd8276997a3d9fbd811.jpg,303
b2164fa196c344c9a3ac76a2e4ae043f1.jpg,304
b239730307704b348e7354fbe46d1f741.jpg,305
b2fccd80ab804783bc56ef9f1ab37c3b1.jpg,306
b34629fbf06c4365959a73b3f47b58231.jpg,307
b38954d1d8ea4bc2b5b7fe67efa6d2a01.jpg,308
b38af582c67c42e2a560176d347f5b1f1.jpg,309
b39dfa3e996746fbba3e1d8e5cc3e3691.jpg,310
b46759ad79ac464aa4f0a89f15742a141.jpg,311
b587f2ab8cf5409c94619466d3cde2911.jpg,312
b5e85674671b44da9c09ddecce09453e1.jpg,313
b68da421862a4b7388929f1459666842m.jpg,314
b7ab402aaa2b49a1a45177ed3cf56ea8s.jpg,315
b7bf9313445046448461a5405f061cdbV.jpg,316
b8d4dfabc4ed418caf991a458d6e57221.jpg,317
b9b29f0ebbbe4188be80d0fa182a9f1bo.jpg,318
b9fc93a0edce464a8f7470052854d31d1.jpg,319
ba82febc174043e4a24695ddd7423a641.jpg,320
ba9e45fc02c84d8a85768773b2ecef5a1.jpg,321
ba9f9c0fe50649c08f093cfa30f5bfbe1.jpg,322
baf28a3f7583450b97dbf5d4040f854e1.jpg,323
bb2604c0831347de962b97716cf908a91.jpg,324
bb6d9467cd994c42a82c1fece8d78c1f1.jpg,325
bbbf7b647c5e48989d94bb475f70d5731.jpg,326
bce9def967a6491ca00cd98f62c38ee21.jpg,327
bda350097d8749d5a13b130748733b121.jpg,328
be36fe6c2c3d4b7596b9441728dd5cb81.jpg,329
beafc9479a1c47df904a6d0c8fd214271.jpg,330
bfe0608353fa49b8bf5ff85edc459ea61.jpg,331
c0abd219f0944b0baa712643cebd1d031.jpg,332
c1fa49bdd77945aab1a5c663576d8cd4o.jpg,333
c2c033be4c5a4e5d87fb5d35b8f80bcd1.jpg,334
c2c793dfe1a84458a0acdada70dcbc811.jpg,335
c2edbcd640bf4cfd91ab75d06e9779c51.jpg,336
c383230a27f74839b85764811d3ce2701.jpg,337
c387f1e4b2d9476b9f91cac54da4cad21.jpg,338
c3b860c6669744bf8a6dbb0fec1d0e1a1.jpg,339
c40fc08d904842aab58109430bcab3a6y.jpg,340
c4b083f9a0f04d00bae483d52cb079ff1.jpg,341
c568b6e5afc04eb39b57372e950e0c301.jpg,342
c5a2102c80a141fcacae9da33ca5dcee1.jpg,343
c5e0351d081e425bab7a1ae88290e3e21.jpg,344
c755611bdb74423d9b0b267fc488fae41.jpg,345
c77ae805fdda47c8aafa383c29de2c001.jpg,346
c77c244f4bb040069c45817bfddf6bb61.jpg,347
c7e84226407242feb121f73e30418ce61.jpg,348
cb6964498ca94928a77ee68b5078ad481.jpg,349
cb990f4e47164c94a0620fa76a2d84c51.jpg,350
cc40d03060d34230a501ba4d660e276d1.jpg,351
cd06b2fa344946ba91682f54457aba1en.jpg,352
cee4426c91b84af1b3e1e2b4102336f91.jpg,353
cf5b27a9fd8140bdaef4d333a86d68321.jpg,354
cf6bda274ba4442cb5cec59c721628051.jpg,355
d01c5db8e7c041bdaed5a3671710d3711.jpg,356
d08d4cd55aed40ce97fb6265c15ff8431.jpg,357
d0f10310cc4e4a7aacc52f6a505528c01.jpg,358
d105db3e1646490495726f093f56a3891.jpg,359
d119abf9ad1742ab8c6ffffe570b8d441.jpg,360
d2ac3dd1d4c449509d1137648ad631d11.jpg,361
d3f5affb355742b7a304ba6a7d8bfe671.jpg,362
d560f58479344922acc6ae34fece92751.jpg,363
d59e544c3f014c65ae8cdeb7d01501bb1.jpg,364
d600559020f24d2fa5bb4d6f56b0b7a91.jpg,365
d6a569f649164f00a6934a73fced86671.jpg,366
d6a9719c12154ad69ccb36215762b2651.jpg,367
d73ec5835087494c925cd7481a17fcad1.jpg,368
d7dee6d7a4024b5ebf4fe7651682a4391.jpg,369
d8c75cecc0ec468582a62cfd933749361.jpg,370
d900b9cffeed4e979ba67430482243101.jpg,371
d94a8dad21964523aa91a963d0c58b48R.jpg,372
d98447b67cb9413eb39eb4da6a1d8a93a.jpg,373
da60d770c4654b6c8b6a4012004b29bc1.jpg,374
daa067df03334cdf80e79f0dc02d67fe1.jpg,375
daa180ea696640188eb49697c71dbb1d1.jpg,376
db141a832b6848499e67dbec83bb583d1.jpg,377
db193202ad5541e28c0b9e53af6b519d1.jpg,378
db8b57a76a044cfda5afd25d2a7894b81.jpg,379
db9b27853a3348e38ef551f6331949cb1.jpg,380
dd010851babd44ac86046577187872ccy.jpg,381
dd4a16f64922443d945bedd1f63418ce1.jpg,382
dee1ff15ee2f477dac3eb9b8484140c31.jpg,383
df6e787657374f3c8a0de0834484c57f1.jpg,384
e116548cb4834e9d9fb39ad4eff614882.jpg,385
e1b4a79032534517a0edcc78a0514432o.jpg,386
e1e1b8bf23374f7d8d9e26ce02231f971.jpg,387
e2ac4d6481f747cd93caee2a4609c72d1.jpg,388
e2c4c36b582845aeb551077da4e526351.jpg,389
e31f13c9b83c4554ae506ded1c92e8e61.jpg,390
e43c9fdae9bb4677a63119ffbe0d1e6d1.jpg,391
e4ce6990fdad43deba640b3474df0a931.jpg,392
e4e86db1782443c89f9ac642a692574a1.jpg,393
e55f9651475f4bc6b1803a3118b300a71.jpg,394
e68b717645764a4abf45b298d1c9ed811.jpg,395
e695c51ed184412aa7f4b7ae383dcb1a1.jpg,396
e77510e2bb064854a86c4aef8c5036191.jpg,397
e77c910093ea4a5a89b995ea326259441.jpg,398
e7e30293214b4ec49ce970e516036cd11.jpg,399
e8601aa55735466faafd3a91592e2a141.jpg,400
eadedb25e79640a9be9b376efc975da41.jpg,401
ec0b958a076042e4ac600062bf1744c61.jpg,402
ecfb3790d100433594e8c12319af61d1r.jpg,403
ecfb9e505aef44ffb7e4edc31c1fbdbc1.jpg,404
ee053efb35f34d0cad197651dd9bc94f1.jpg,405
ee093446b0a14f59aa1f8da0c62c1c4f1.jpg,406
ee74e1496edd4a02934142b8d727d6f9w.jpg,407
ee808be06a5a4e70a8ba1f979e2bb5b91.jpg,408
eeafb08523684f3b87fcf8a5936e7d921.jpg,409
ef96c07a46c64e36881e6c7821b911f81.jpg,410
f015b0c878a8464eae05b5506c46d18e1.jpg,411
f1f29d61d0d946928b38d5eacdac03351.jpg,412
f26debeaf9084ee39a5aa440ffae0a7em.jpg,413
f33a1ea95edc46d1a5f3a3e5d9a92b6e1.jpg,414
f47680c8b99444168c871d170306502c1.jpg,415
f4f9af93416048309aaaf51dd23110dc1.jpg,416
f58d0ff45ed3401a8dfb5ef62328c4281.jpg,417
f60a2971a97f4293bc5b87c8dbb0db501.jpg,418
f61f4a85fc4643fb82e0339e0dfd102f1.jpg,419
f6abfbbdeba14e9685ecc59f77d065c91.jpg,420
f6b7ffdd90ba459b955ef396875c43331.jpg,421
f6c4f5c35aab4564a9b3213fafac2da21.jpg,422
f6eb81340c4a4824bcef6969e60410c5u.jpg,423
f708c56ea89342cca043bdd3d01a2bf81.jpg,424
f7433747f3b14c64b733f2b0cc5bee961.jpg,425
f7468bd401fa4fb788ddbc8a35a2b5e71.jpg,426
f75067a1b2cb42729b7027ff6d911d9c1.jpg,427
f8eae38baf364dd0b38a8adec2acd0121.jpg,428
fa010e842cf14cd3b6493440ee5308a01.jpg,429
faa7b0f0460a4f2a8d9ffb4fe5576e531.jpg,430
fadf0f9412d149d39933342f201917b61.jpg,431
fafb00f244164394bcbc3a2ee91507f71.jpg,432
fbc47c23db0d4f49b0a4e7c9cec5b53c0.jpg,433
fbe9bc5ec8b24593a20e6332c1f944491.jpg,434
fccccb0cec294e9081070f1c3855d1fc1.jpg,435
fd67d0d369514f038cd01010b74055a41.jpg,436
fd886b7d15c549059a6b180726e5ecb31.jpg,437
fde80c935e8743adab08ef8af600a39e1.jpg,438
ff5df960e32348e4836f5d134ae582451.jpg,439
ffab5f2a58584c80bb40e39cfc81c4d51.jpg,440
ffe2bad9a3a44137951510b452bf0ba11.jpg,441
fff62e184c214a3ca2510e47e78bdde11.jpg,442
